filename,label
yo(1).jpg,0
yo(10).jpg,0
yo(11).jpg,0
yo(12).jpg,0
yo(13).jpg,0
yo(14).jpg,0
yo(15).jpg,0
yo(16).jpg,0
yo(17).jpg,0
yo(18).jpg,0
yo(19).jpg,0
yo(2).jpg,0
yo(20).jpg,0
yo(21).jpg,0
yo(22).jpg,0
yo(23).jpg,0
yo(24).jpg,0
yo(25).jpg,0
yo(26).jpg,0
yo(27).jpg,0
yo(28).jpg,0
yo(29).jpg,0
yo(3).jpg,0
yo(30).jpg,0
yo(4).jpg,0
yo(5).jpg,0
yo(6).jpg,0
yo(7).jpg,0
yo(8).jpg,0
yo(9).jpg,0
Robin(1).jpg,1
Robin(10).jpg,1
Robin(11).jpg,1
Robin(12).jpg,1
Robin(13).jpg,1
Robin(14).jpg,1
Robin(15).jpg,1
Robin(16).jpg,1
Robin(17).jpg,1
Robin(18).jpg,1
Robin(19).jpg,1
Robin(2).jpg,1
Robin(20).jpg,1
Robin(21).jpg,1
Robin(22).jpg,1
Robin(23).jpg,1
Robin(24).jpg,1
Robin(25).jpg,1
Robin(26).jpg,1
Robin(27).jpg,1
Robin(28).jpg,1
Robin(29).jpg,1
Robin(3).jpg,1
Robin(30).jpg,1
Robin(4).jpg,1
Robin(5).jpg,1
Robin(6).jpg,1
Robin(7).jpg,1
Robin(8).jpg,1
Robin(9).jpg,1
Francisco(1).jpg,2
Francisco(10).jpg,2
Francisco(11).jpg,2
Francisco(12).jpg,2
Francisco(13).jpg,2
Francisco(14).jpg,2
Francisco(15).jpg,2
Francisco(16).jpg,2
Francisco(17).jpg,2
Francisco(18).jpg,2
Francisco(19).jpg,2
Francisco(2).jpg,2
Francisco(20).jpg,2
Francisco(21).jpg,2
Francisco(22).jpg,2
Francisco(23).jpg,2
Francisco(24).jpg,2
Francisco(25).jpg,2
Francisco(26).jpg,2
Francisco(27).jpg,2
Francisco(28).jpg,2
Francisco(29).jpg,2
Francisco(3).jpg,2
Francisco(30).jpg,2
Francisco(31).jpg,2
Francisco(32).jpg,2
Francisco(33).jpg,2
Francisco(34).jpg,2
Francisco(35).jpg,2
Francisco(36).jpg,2
Francisco(37).jpg,2
Francisco(38).jpg,2
Francisco(39).jpg,2
Francisco(4).jpg,2
Francisco(40).jpg,2
Francisco(41).jpg,2
Francisco(42).jpg,2
Francisco(43).jpg,2
Francisco(44).jpg,2
Francisco(45).jpg,2
Francisco(46).jpg,2
Francisco(47).jpg,2
Francisco(48).jpg,2
Francisco(49).jpg,2
Francisco(5).jpg,2
Francisco(50).jpg,2
Francisco(51).jpg,2
Francisco(52).jpg,2
Francisco(54).jpg,2
Francisco(55).jpg,2
Francisco(56).jpg,2
Francisco(57).jpg,2
Francisco(6).jpg,2
Francisco(7).jpg,2
Francisco(8).jpg,2
Francisco(9).jpg,2
